-- phpMyAdmin SQL Dump
-- version 4.9.2
-- https://www.phpmyadmin.net/
--
-- Host: 127.0.0.1
-- Generation Time: Feb 29, 2020 at 10:59 AM
-- Server version: 10.4.10-MariaDB
-- PHP Version: 7.3.12

SET SQL_MODE = "NO_AUTO_VALUE_ON_ZERO";
SET AUTOCOMMIT = 0;
START TRANSACTION;
SET time_zone = "+00:00";


/*!40101 SET @OLD_CHARACTER_SET_CLIENT=@@CHARACTER_SET_CLIENT */;
/*!40101 SET @OLD_CHARACTER_SET_RESULTS=@@CHARACTER_SET_RESULTS */;
/*!40101 SET @OLD_COLLATION_CONNECTION=@@COLLATION_CONNECTION */;
/*!40101 SET NAMES utf8mb4 */;

--
-- Database: `db_berita`
--

-- --------------------------------------------------------

--
-- Table structure for table `tb_admin`
--

CREATE TABLE `tb_admin` (
  `admin_id` int(11) NOT NULL,
  `admin_nama` varchar(100) NOT NULL,
  `admin_username` varchar(100) NOT NULL,
  `admin_password` varchar(100) NOT NULL
) ENGINE=InnoDB DEFAULT CHARSET=utf8mb4;

--
-- Dumping data for table `tb_admin`
--

INSERT INTO `tb_admin` (`admin_id`, `admin_nama`, `admin_username`, `admin_password`) VALUES
(1, 'admin', 'admin', 'admin'),
(2, 'op', 'op', 'op'),
(3, 'b', 'b', 'b'),
(4, 't', 't', 't');

-- --------------------------------------------------------

--
-- Table structure for table `tb_berita`
--

CREATE TABLE `tb_berita` (
  `berita_id` int(11) NOT NULL,
  `kategori_id` int(11) NOT NULL,
  `berita_judul` varchar(225) NOT NULL,
  `berita_tanggal` date NOT NULL,
  `berita_gambar` varchar(225) NOT NULL,
  `berita_isi` text NOT NULL,
  `berita_lihat` int(11) NOT NULL
) ENGINE=InnoDB DEFAULT CHARSET=utf8mb4;

--
-- Dumping data for table `tb_berita`
--

INSERT INTO `tb_berita` (`berita_id`, `kategori_id`, `berita_judul`, `berita_tanggal`, `berita_gambar`, `berita_isi`, `berita_lihat`) VALUES
(1, 2, 'Samsung Tunjuk Bos Baru Divisi Handphone', '2020-01-16', 'tech1.jpeg', '<p>Samsung menunjuk Roh Tae-moon (52) sebagai bos baru di divisi handphone (hp) perusahaan itu. Roh menggantikan posisi DJ Koh yang akan memimpin divisi IT dan komunikasi mobile. Dengan kata lain, Koh tak lagi mengurusi operasional harian, tapi bakal mengurus strategi jangka panjang divisi perangkat mobile Samsung.</p>\r\n\r\n<p>Roh menyebut akan fokus mengembangkan fitur-fitur pada ponsel Samsung berikutnya. Roh bergabung dengan Samsung pada 1997. Ia punya peran penting dalam pengembangan dan penelitian dari perangkat-perangkat anyar Galaxy.</p>\r\n\r\n<p>&quot;Presiden Roh memiliki peran penting dalam menguatkan tingkat kompetisi Samsung dalam bisnis perangkat mobile,&quot; tulis Samsung seperti dikutip CNET.</p>\r\n\r\n<p>Ia juga berperan memangkas harga dari perangkat besutan perusahaan Korea Selatan itu. Sehingga harga Samsung di pasaran lebih kompetitif dibanding harga ponsel-ponsel China. Sehingga Samsung hingga saat ini, berhasil tetap mendominasi pasar ponsel dunia.</p>\r\n\r\n<p>&quot;Makin tingginya kompetisi di pasar smartphone, diharapkan Roh bisa memberikan strategi bisnis yang inovatif dan memberi energi baru.&quot;</p>\r\n\r\n<p>Meski demikian, ponsel-ponsel dari vendor China membayangi Samsung. Huawei, menempati posisi tiga terlaris di dunia. Sementara di negara-negara berkembang, merek-merek seperti Oppo, Vivo, dan Xiaomi juga bersaing ketat dengan Samsung.<br />\r\n<br />\r\nRoh bakal ditugaskan untuk melebarkan pasar Samsung di beberapa negara penting, seperti China dan India. Selain itu, ia juga ditugaskan untuk agar ponsel layar lipat sukses di pasaran. Sebab, saat ini Samsung tengah berjuang dengan penjualan Galaxy Fold.<br />\r\n<br />\r\nMengutip <em>The Verge</em>, Samsung diperkirakan akan meluncurkan ponsel pintar generasi kedua dan Galaxy S20 pada perhelatan di San Francisco 11 Februari mendatang.</p>\r\n', 26),
(3, 4, '5 Makanan Enak yang Bisa Perbaiki Mood', '2020-01-01', 'food1.jpg', '<p>Perasaan kesal, marah, gelisah dan khawatir atau bad mood bisa terjadi pada siapa pun. Lalu apa hubungan semua itu dengan makanan?</p>\r\n\r\n<p>Pada kaum hawa, berbagai perasaan seperti itu biasanya datang jelang menstruasi. Di sisi lain, kondisi mengharuskan kita berkomunikasi dengan banyak orang, baik saat kuliah atau bekerja.</p>\r\n\r\n<p>Namun tak usah khawatir, Anda bisa menstabilkan mood dengan makanan.&nbsp; Ada beberapa asupan yang diketahui bisa memperbaiki suasana hati.</p>\r\n\r\n<p>Dilansir dari Fimela, untuk memudahkan Anda melewati hari dengan bad mood, tak ada salahnya untuk mengonsumsi makanan dan minuman nikmat berikut ini.</p>\r\n\r\n<p><strong>Dark Chocolate</strong></p>\r\n\r\n<p>Makanan satu ini siapa pun menyukai, mulai dari anak-anak sampai orang dewasa. Mengonsumsi cokelat, diyakini dapat mengurangi bad mood.</p>\r\n\r\n<p>Perpaduan manis dan sedikit pahit bisa memberikan rasa bahagia pada penikmatnya. Cokelat yang dipilih sebaiknya cokelat hitam atau dark chocolate</p>\r\n\r\n<p><strong>Matcha</strong></p>\r\n\r\n<p>Tak hanya makanan, minuman Matcha atau teh hijau juga cukup baik untuk mengembalikan mood yang berantakan. Kandungan L-teanine pada matcha dipercaya dapat menenangkan pikiran dan mampu mengurangi stres.</p>\r\n\r\n<p><strong>Roti dan Selai Kacang</strong></p>\r\n\r\n<p>Kandungan karbohidrat pada roti dapat memberikan energi lebih pada tubuh. Roti bisa ditambahkan dengan selai kacang. Kenapa harus selai kacang?</p>\r\n\r\n<p>Kandungan lemak dalam kacang dapat membantu memperlambat proses pencernaan, sehingga mengurangi risiko naiknya gula dalam darah.&rsquo;</p>\r\n\r\n<p><strong>Sereal dan Susu</strong></p>\r\n\r\n<p>Kekurangan vitamin D juga dapat memengaruhi perubahan mood. Jika Anda mengalami perubahan mood, konsumsi saja sereal dan susu yang dipercaya mengandung vitamin D yang baik untuk tubuh.</p>\r\n\r\n<p>Perpaduan keduanya juga membuat perut merasa kenyang dan cocok untuk menu sarapan agar lebih semangat dalam memulai hari.</p>\r\n\r\n<p><strong>Es Krim</strong></p>\r\n\r\n<p>Es krim juga termasuk salah satu makanan yang dapat mengembalikan mood. Kandungan triptofan pada es krim dapat mengurangi stres dengan cepat.</p>\r\n\r\n<p>Pilih es krim dengan rasa favorit Anda dan nikmati dengan tenang. Rasakan tiap gigitannya sambil relaksasi agar mood kembali membaik.</p>\r\n\r\n<p>&nbsp;</p>\r\n', 5),
(4, 3, 'Usaha Kota Semarang yang Diganjar Penghargaan Kota Wisata Terbersih ASEAN', '2020-01-21', 'travel1.jpg', '<p>Kota Semarang mencuri perhatian usai meraih penghargaan sebagai Kota Wisata Terbersih standar ASEAN 2020-2022. Penghargaan tersebut diberikan oleh ASEAN Tourism Forum, baru-baru ini.</p>\r\n\r\n<p>&quot;Penilaian Kota Wisata Terbersih tersebut mencakup tentang kebersihan secara keseluruhan,&quot; ungkap Kepala Dinas Kebudayaan dan Pariwisata Kota Semarang, Indriyasari kepada Liputan6.com, Selasa, 20 Januari 2020.</p>\r\n\r\n<p>Indriyasari mencontohkan beberapa poin, termasuk tentang sampah, penanganan sampah, ruang terbuka hijau, dan lainnya. Hal-hal itu yang menjadi penilaian dari ASEAN Tourism Forum.</p>\r\n\r\n<p>&quot;Jadi, penilaian itu bukan hanya satu hal saja, tapi penilaian tersebut dilakukan secara keseluruhan yang tentang kebersihan,&quot; ujar Indriyasari.</p>\r\n\r\n<p>Lebih jauh, Indriyasari mengatakan terus berupaya agar semua warga Semarang untuk menjaga kebersihan kota. Salah satunya lewat gerakan Semarang Wegah Nyampah (Semarang Tak Mau Nyampah).</p>\r\n\r\n<p>&quot;Peraturan tersebut dikeluarkan oleh Wali Kota Semarang. Kami berusaha menggerakan masyarakat agar tidak membuang sampah sembarangan,&quot; lanjut Indriyasari.</p>\r\n\r\n<p><strong>Pengendalian Sampah Plastik</strong></p>\r\n\r\n<p>Selain itu, kata Indriyasari, pihaknya juga berusaha untuk mengentaskan banjir. Saat ini, Kota Semarang sudah tidak banjir lagi.</p>\r\n\r\n<p>&quot;Kami akan mempertahankan itu. Oleh karena itu, perlu kerja sama semua pihak,&quot; kata Indriyasari.</p>\r\n\r\n<p>Selain tidak membuang sampah sembarangan, Kota Semarang juga berusaha untuk mengendalikan sampah plastik. Indriyasari mencontohkan, saat ini di Kota Semarang mulai mengurangi penggunaan sedotan dan juga kantong plastik.</p>\r\n\r\n<p>&quot;Semua itu tertuang dalam Peraturan Wali Kota (Perwal) Semarang Nomor 27 tahun 2019,&quot;&nbsp;ucap Indriyasari.</p>\r\n', 9),
(5, 1, 'Perisic Nyaman dengan Masa Peminjamannya di Bayern Muenchen', '2020-01-06', 'bola1.jpeg', '<p>Penyerang sayap milik Inter Milan yaitu Ivan Perisic, mengatakan kepada media bahwa dirinya merasa nyaman dengan masa peminjamannya di Bayern Muenchen sekaligus mengaku kalau dirinya masih bisa bermain hingga tujuh atau delapan tahun ke depan.</p>\r\n\r\n<p>Pemain berusia 30 tahun itu baru saja mencetak satu gol dan satu assist dalam kemenangan 4-0 Bayern atas Hertha Berlin akhir pekan kemarin dan Perisic pun mengklaim kalau performa apiknya itu bisa terjadi karena ia merasa nyaman dengan suasana di Muenchen.</p>\r\n\r\n<p>&quot;Sejauh ini, semuanya terasa nyaman di Muenchen. Baik itu dari sisi kehidupan pribadi saya maupun dari sisi olahraga,&quot; ucap Perisic kepada Abendzeitung.</p>\r\n\r\n<p>&quot;Selangkah demi selangkah saya ambil dan kita lihat saja nanti bagaimana perkembangannya.&quot;</p>\r\n\r\n<p>Meski winger berpaspor Kroasia itu bakal berusia 31 tahun per bulan Februari nanti, Perisic mengaku bahwa kondisinya masih fit untuk bisa terus bermain di lapangan.</p>\r\n\r\n<p>Runner-up Piala Dunia 2018 ini bahkan belum punya angan untuk pensiun dari dunia kulit bundar dan berambisi untuk bermain hingga delapan tahun ke depan.</p>\r\n\r\n<p>&quot;Menginjak usia 30 tahun bukan berarti anda harus menua. Saya merasa baik-baik saja sejauh ini,&quot; imbuhnya.</p>\r\n\r\n<p>&quot;Rencana saya adalah untuk bisa terus bermain setidaknya hingga tujuh atau delapan tahun ke depan.&quot;</p>\r\n\r\n<p>Selama bermain bagi Bayern, Perisic total telah mengoleksi 4 gol dan 4 assists dari 13 kali penampilannya di Bundesliga.</p>\r\n\r\n<p>Sementara di ajang Liga Champions, eks pemain Borussia Dortmun itu telah bermain sebanyak enam kali dan sukses mencetak 1 gol serta 3 assists.</p>\r\n', 32),
(6, 1, 'Rashford Cedera, Man United Tak Punya Pilihan Lain Kecuali Datangkan Striker Anyar', '2020-01-07', 'bola2.jpeg', '<p>Mantan penyerang Manchester United, Robin van Persie, menyebut Setan Merah tak punya pilihan lain kecuali mendatangkan striker baru menyusul cedera yang membekap Marcus Rashford. Van Persie juga menilai striker anyar memang dibutuhkan oleh MU untuk membuat skuadnya semakin kompetitif.</p>\r\n\r\n<p>Rashford sebelumnya sudah dipastikan mengalami cedera patah tulang pungguh pada saat Manchester United menghadapi Wolverhampton Wanderers di replay putaran ketiga Piala FA. Alhasil bomber berusia 22 tahun itu diprediksi akan menepi selama tiga bulan ke depan yang artinya United tak akan kehilangan bomber yang musim ini telah mencetak 18 gol bagi timnya di semua kompetisi.</p>\r\n\r\n<p>Saat ini MU sendiri masih memiliki dua penyerang tengah yang tersisa yakni Anthony Martial dan Mason Greenwood. Namun usia keduanya yang masih muda membuat MU diklaim membutuhkan penyerang dengan kualifikasi yang lebih baik.</p>\r\n\r\n<p>&quot;Saya yakin dia (Solskjaer) tidak menggunakan kata-kata itu, karena kalau tidak Anda punya berita utama dan semacamnya, tapi saya pikir mereka sangat berhasrat untuk seorang striker, karena mereka membutuhkannya,&quot; ujar Van Persie dilansir dari Goal International.</p>\r\n\r\n<p>&quot;Jangka pendek, tapi jangka panjang juga. Saya pikir bagus untuk memiliki kompetisi di klub sekaliber Manchester United. Anda harus memiliki kompetisi yang konstan. Jadi saya cukup yakin bahwa mereka sangat ingin mendapatkan striker.&quot;</p>\r\n\r\n<p>Lebih lanjut, pemain yang akrab disapa RVP tersebut juga bercerita terkait pengalamannya dibekap cedera punggung seperti yang dialami oleh Rashford saat ini.</p>\r\n\r\n<p>&quot;Ketika saya berusia sekitar 18 tahun, saya melakukan debut, tetapi sebelum itu saya bermain dengan tim cadangan dan U-19, Sabtu-Senin, Sabtu-Senin selama beberapa bulan,&quot; ujarnya melanjutkan.</p>\r\n\r\n<p>&quot;Kemudian dengan tim pertama setelah saya melakukan debut, saya bermain enam bulan lagi, Minggu-Kamis, Minggu-Kamis. Dan kemudian saya mengalami cedera yang sama, gangguan fraktur pada bagian punggung bawah saya. Saya absen dengan itu selama empat bulan.&quot;</p>\r\n\r\n<p>&quot;Anda tidak bisa berbuat banyak, Anda harus istirahat dan membiarkannya sembuh. Tetapi ini adalah yang sulit karena itu selalu ada sedikit seperti titik lemah. Bahkan sekarang, ini bukan karena saya kesakitan atau sesuatu, tetapi ini adalah area yang sensitif. Jadi, Anda harus benar-benar berhati-hati dengan itu.&quot;</p>\r\n\r\n<p>&quot;Mereka akan sangat merindukannya. Seperti yang saya katakan sebelumnya, dia adalah MVP (pemain terbaik) mereka, pemain terbaik mereka, menciptakan paling banyak peluang, mencetak gol terbanyak, bahkan pada usia itu. Jadi ini (cedera Rashford) merupakan pukulan besar bagi Manchester United,&quot; pungkasnya.</p>\r\n', 26),
(7, 3, 'Mengintip Keindahan Plataran Komodo yang Dikunjungi Presiden Jokowi', '2020-01-21', 'travel2.jpg', '<p>Presiden Jowo Widodo (Jokowi) melakukan kunjungan kerja dalam rangka pembahasan tentang pengembangan destinasi pariwisata prioritas di Labuan Bajo, Flores, NTT, pada 20--21 Januari 2020. Selama itu Jokowi disebut bermalam di Plataran Komodo Resort and Spa.</p>\r\n\r\n<p>Melansir dari situs resminya, 21 Januari 2020, Plataran Komodo Resort and Spa sendiri merupakan salah satu resor mewah yang terletak di pesisir Pantai Waecicu, Labuan Bajo. Dengan letaknya, resor ini dinilai cocok untuk bersantai sembari berjemur di bawah terik matahari.</p>\r\n\r\n<p>Plataran Komodo menawarkan berbagai fasilitas lewat sembilan jenis paket penginapan yang bisa dipilih sesuai kebutuhan.</p>\r\n\r\n<p>Beberapa villa yang disediakan antara lain Deluxe Garden Villa, Deluxe Beach Front Villa, dan Hanging Pool Villa. Setiap paket memiliki fasilitas, pengalaman menginap, dan pemandangan berbeda dari setiap sisi Labuan Bajo.</p>\r\n\r\n<p>Sebagai contoh, Deluxe Beach Front Villa. Di sana, pengunjung akan menikmati vila dengan gaya Indonesia yang anggun. Saat membuka jendela, pengunjung bisa melihat kolam renang utama yang menghadap ke perairan biru selepas Pantai Waecicu.</p>\r\n\r\n<p><strong>Bertualang di Goa Kristal</strong></p>\r\n\r\n<p>Selain vila, Plataran Komodo menawarkan pengalaman menyantap makanan dengan suasana yang berbeda. Pengunjung bisa makan dengan pemandangan pantai, kolam renang, dan menatap indahnya matahari terbenam di Atlantis on The Rock.</p>\r\n\r\n<p>Penunjung bisa memanjakan diri dengan menikmati fasilitas. Tidak hanya itu, ada pula tempat untuk berolahraga, seperti kolam renang dan gym yang dapat dinikmati secara gratis.</p>\r\n\r\n<p>Paket bertualang pun disajikan resor satu ini. Pihak resor akan mengantar pengunjung menikmati pemandangan alam dengan snorkeling di Pulau Bidadari, bertualangan di Gua Kristal, dan menghabiskan hari dengan menatap matahari tenggelam di pantai-pantai sekitar Labuan Bajo.</p>\r\n\r\n<p>Plataran Komodo menawarkan beberapa paket dengan rentang harga Rp8,1 juta&mdash;Rp42,7 juta. Seperti untuk paket Family Holiday, yaitu Rp41,2 juta untuk empat orang. Sedangkan untuk fasilitas spa sendiri ditawarkan dengan harga Rp1,15 juta.</p>\r\n', 6),
(8, 4, 'Piza hingga Cokelat, Ini Makanan yang Harus Dihindari Sebelum Tidur', '2020-01-02', 'food2.jpg', '<p>Banyak faktor yang dapat mengganggu kualitas tidur, seperti banyaknya beban pekerjaan, stres, cemas, hingga makanan. Siapa sangka, salah satunya mengonsumsi makanan pedas.</p>\r\n\r\n<p>Dilansir dari Health, Briana Rodriquez, RDN, ahli gizi dan personal trainer membagikan pengetahuan tentang minuman dan makanan ringan yang dapat mengganggu kualitas tidur.</p>\r\n\r\n<p>Berikut adalah beberapa minuman dan makanan yang dapat mengganggu kualitas tidur:</p>\r\n\r\n<p><strong>Cokelat Hitam</strong></p>\r\n\r\n<p>Pada dasarnya, dark chocolate atau cokelat hitam mengandung kafein. Sama seperti kopi, kafein pada dark cokelat dapat bertindak sebagai stimulan dan dapat mengganggu kualitas tidur. Pilihan lain yang lebih baik untuk dikonsumsi yaitu susu dan cokelat putih.</p>\r\n\r\n<p><strong>Makanan Pedas</strong></p>\r\n\r\n<p>Bagi sebagian orang memang menghindari untuk makan makanan yang pedas, tetapi perlu diperhatikan bagi orang yang menyukai sambal untuk berhati-hati mengonsumsi sebelum tidur.</p>\r\n\r\n<p>Bumbu pedas yang terlalu kuat dapat menyebabkan perut terasa tidak nyaman dan gangguan pencernaan, keduanya dapat menjadi lebih buruk ketika berbaring.</p>\r\n\r\n<p><strong>Alkohol</strong></p>\r\n\r\n<p>Segelas alkohol atau anggur merah sebelum tidur mungkin menjadi ritual bagi beberapa orang. Meskipun alkohol dapat membantu beberapa orang tertidur, sebuah penelitian telah menunjukkan minum alkohol sebelum tidur cenderung dapat menyebabkan kelelahan ketika bangun tidur. Cobalah untuk menggantinya dengan minum teh chamomile.</p>\r\n\r\n<p><strong>Saus Tomat </strong></p>\r\n\r\n<p>Jika Anda hendak menambahkan saus tomat ke dalam makanan, sebaiknya tidak memakannya sebelum tidur.</p>\r\n\r\n<p>&quot;Itu dikemas dengan asam amino yang disebut tiramin, yang dapat mengaktifkan pelepasan norepinephrine. Bahan kimia ini dapat meningkatkan aktivitas otak, sehingga dapat mengganggu kemampuan untuk tertidur,&quot; kata Rodriquez.</p>\r\n\r\n<p><strong>Soda</strong></p>\r\n\r\n<p>Perlu disadari bahwa soda merupakan minuman yang penuh dengan gula. Ketika meminumnya di malam hari dan langsung tidur, pencernaan Anda akan melambat dan tubuh kemungkinan akan menyimpan kalori sebagai lawan untuk menggunakan energi tersebut. Soda juga mengandung kafein.</p>\r\n\r\n<p><strong>Makanan Tinggi Lemak</strong></p>\r\n\r\n<p>Hindari makanan ringan yang mengandung lemak tinggi. Makanan seperti ini dapat mengganggu kualitas tidur, sebaiknya untuk menggantinya dengan makan makanan yang berprotein tinggi dan rendah lemak yang dapat membantu seseorang tertidur lebih cepat.</p>\r\n\r\n<p><strong>Kopi</strong></p>\r\n\r\n<p>Bagi sebagian orang sudah terbiasa meminum kopi, mungkin tidak menjadi masalah yang besar bagi dirinya. Namun, jika Anda sensitif dengan kopi, jangan sampai meminum secangkir kopi enam jam sebelum tidur. Jika Anda membutuhkan minuman yang dapat membuat Anda menjadi melek, cobalah ganti dengan minum teh hijau atau air mineral.</p>\r\n\r\n<p><strong>Piza</strong></p>\r\n\r\n<p>Piza memang merupakan makanan yang lezat tetapi perlu diingat bahwa di dalamnya terdapat saus tomat. Saus tomat terasa asam yang dapat membuat perut terasa tidak nyaman.&nbsp;</p>\r\n\r\n<p>&quot;Dan jika Anda menambahkan lada ke piza, kombinasi tiramin, keasaman, dan pedas kemungkinan lebih besar akan membuat Anda mengalami gangguan pencernaan yang mengakibatkan lebih sulit untuk beristirahat,&quot; kata Rodriquez.</p>\r\n\r\n<p>Alangkah baiknya makan piza di awal atau siang hari.</p>\r\n', 21),
(9, 2, 'Waspada Aplikasi Kamera Pencuri Data Asal China', '2020-01-17', 'tech2.jpeg', '<p>Masyarakat harus lebih berhati-hati dengan aplikasi kamera yang memberikan efek kecantikan atau yang lebih dikenal dengan beauty camera.</p>\r\n\r\n<p>Mengutip CyberNews, ditemukan beberapa aplikasi beauty cam yang diduga telah mengumpulkan dan menjual data penggguna, serta memiliki malware (software perusak) di dalamnya.</p>\r\n\r\n<p>Salah satunya, adalah aplikasi selfie&nbsp; terkenal yakni BeautyPlus - Easy Photo Editor &amp; Selfie Camera, yang telah diunduh ratusan juta pengguna.</p>\r\n\r\n<p><br />\r\nBeautyPlus dituding telah mengumpulkan data pengguna dan kemudian menjualnya kepada pihak-pihak lain. Pemerintah India bahkan telah melaporkan aplikasi ini sebagai malware pada tahun 2017 lalu.</p>\r\n\r\n<p>Fakta yang ditemukan lembaga keamanan siber CyberNews, ada sekitar 30 puluh aplikasi &#39;beauty cam&#39; yang mencuri data itu berafiliasi ke China.</p>\r\n\r\n<p>Pengembang dari BeautyPlus, yakni Meitu, diduga telah mengumpulkan data pengguna di server China, lalu diperjualbelikan,&quot; tulis CyberNews, Rabu (15/1).</p>\r\n\r\n<p>Selain mencuri data, aplikasi itu juga disebut menghubungkan pengguna ke iklan jahat, serta mengarahkan pengguna ke situs phishing, bahkan memata-matai pengguna</p>\r\n\r\n<p>Tak hanya BeautyPlus, pengembang aplikasi Lyrebird Studio yang memiliki banyak aplikasi selfie, makeup, dan pengeditan foto juga turut dilaporkan, karena menampilkan iklan kepada pengguna yang mengarah ke laman web phishing yang ditujukan untuk mengumpulkan informasi pribadi mereka.</p>\r\n\r\n<p>Aplikasi bernama Beauty Camera oleh Phila AppStore, misalnya, ditemukan oleh CyberNews menggunakan kamer tanpa meminta izin terlebih dahulu kepada pengguna.</p>\r\n\r\n<p>Bahkan, CyberNews juga menemukan bahwa banyak aplikasi yang mengakses ke ponsel pengguna tanpa meminta izin terlebih dahulu, sehingga bertentangan dengan kebijakan Google. Padahal, beberapa aplikasi itu sendiri telah diungguh lebih dari 500 ribu pengguna hingga sekarang.</p>\r\n\r\n<p>Pengguna kemudian diminta untuk menolak aplikasi beauty cam yang meminta izin untuk membaca semua kontak yang disimpan, ataupun meminta lokasi yang tepat dari pengguna. Berikut adalah 30 aplikasi selfie dengan ungguhan terbanyak yang dianalisa oleh CyberNews:</p>\r\n\r\n<p>BeautyPlus - Easy Photo Editor &amp; Selfie Camera Meitu (China) Limited (300 juta unggahan)</p>\r\n\r\n<p>BeautyCam Meitu (China) Limited (10 juta unggahan)</p>\r\n\r\n<p>Beauty Camera - Selfie Camera In Shot Inc (10 juta unggahan)</p>\r\n\r\n<p>Beauty Camera Plus - Sweet Camera &hearts; Makeup PhotoFantastic Photo - Beauty Makeup Pro StudioPhotography (1 juta unggahan)</p>\r\n\r\n<p>Selain itu, ada Beauty Camera - Selfie Camera &amp; Photo EditorSweet Selfie Inc. (500 ribu unggahan)</p>\r\n\r\n<p>Selfie Camera - Beauty Camera &amp; Photo EditorKX Camera Team (10 juta unggahan)</p>\r\n\r\n<p>YouCam Perfect - Best Selfie Camera &amp; Photo EditorPerfect Corp.(100 juta unggahan)</p>\r\n\r\n<p>Sweet Snap - Beauty Selfie Camera &amp; Face FilterSweet Chat &amp; Snap Apps (100 juta unggahan)</p>\r\n\r\n<p>Sweet Selfie Snap - Sweet Camera, Beauty Cam SnapPro Too Movie Apps Good Develop (500 ribu unggahan)</p>\r\n\r\n<p>Beauty Camera - Selfie Camera with Photo Editor Coocent (1 juta unggahan)</p>\r\n\r\n<p>Beauty Camera - Best Selfie Camera &amp; Photo Editor KX Camera Team (5 juta unggahan)</p>\r\n\r\n<p>B612 - Beauty &amp; Filter CameraSNOW, Inc. (500 juta unggahan)</p>\r\n\r\n<p>Face Makeup Camera &amp; Beauty Photo Makeup EditorAlex Joe (10 juta unggahan)</p>\r\n\r\n<p>Sweet Selfie - Selfie Camera &amp; Makeup Photo EditorSweet Selfie Inc. (100 juta unggahan)</p>\r\n\r\n<p>Selfie camera - Beauty camera &amp; Makeup cameraPhotoArt Inc.(1 juta unggahan)</p>\r\n\r\n<p>YouCam Perfect - Best Photo Editor &amp; Selfie CameraPerfect Corp.(100 juta unggahan)</p>\r\n\r\n<p>Beauty Camera Makeup Face Selfie, Photo Editor Virgilo Malley (1 juta unggahan)</p>\r\n\r\n<p>Selfie Camera - Beauty CameraBest App - Top Droid Team (500 ribu unggahan)</p>\r\n\r\n<p>Z Beauty Camera GOMO (5 juta unggahan)</p>\r\n\r\n<p>HD Camera Selfie Beauty CameraiJoysoft (5 juta ynggahan)</p>\r\n\r\n<p>Candy Camera - selfie, beauty camera, photo editorJP Brothers, Inc.(100 juta unggahan)</p>\r\n\r\n<p>Makeup Camera-Selfie Beauty Filter Photo Editor Photo Editor Perfect Corp.(1 juta unggahan)</p>\r\n\r\n<p>Beauty Selfie Plus - Sweet Camera Wonder HD Camera Sai2D (100 ribu unggahan)</p>\r\n\r\n<p>Selfie Camera - Beauty Camera &amp; AR StickersDreams Room (1juta unggahan)</p>\r\n\r\n<p>Pretty Makeup, Beauty Photo Editor &amp; Selfie CameraPhoto Editor Perfect Corp.(10 juta unggahan)</p>\r\n\r\n<p>Beauty Camera - Phila AppStore (500 ribu unggahan)</p>\r\n\r\n<p>Bestie - Camera360 Beauty CamPinGuo Inc.(10 juta unggahan)</p>\r\n\r\n<p>Photo Editor - Beauty CameraKX Camera Team 100 ribu unggahan</p>\r\n\r\n<p>Beauty Makeup, Selfie Camera Effects, Photo Editor Lyrebird Studio (5 juta unggahan)</p>\r\n\r\n<p>Selfie cam - bestie makeup beauty camera &amp; filtersHd wallpapers and backgrounds studio (100 ribu unggahan)</p>\r\n\r\n<p>CyberNews lebih lanjut menemukan 3 pengembang beauty cam bernama Coocent, KX Camera Team dan Dreams Room yang menggunakan modus yang sama. Pengembang itu juga terhubung dan mungkin dimiliki oleh perusahaan yang sama berbasis di China.<br />\r\n<br />\r\nDari daftar 30 aplikasi yang dianalisis CyberNews, sebagian besar aplikasi memiliki iklan yang mengganggu, dan meminta izin yang tidak perlu, atau diduga dikaitkan dengan malware.</p>\r\n', 17),
(10, 4, 'Waspada, 6 Dampak Makanan Berminyak pada Tubuh', '2020-01-03', 'food3.jpg', '<p>Makanan berminyak dapat Anda temukan di mana saja. Biasanya, sebagian besar makanan yang digoreng atau dimasak dengan minyak berlebih akan dianggap berminyak, seperti kentang goreng, pizza, burger, dan lainnya.</p>\r\n\r\n<p>Dilansir Healthline, Selasa (14/1/2020), makanan berminyak tersebut cenderung tinggi kalori, lemak, garam, karbohidrat olahan namun rendah serat, vitamin, dan mineral.</p>\r\n\r\n<p>Makanan-makanan di atas dapat menjadi suguhan yang enak dalam berbagai acara. Namun, makanan berminyak berdampak negatif bagi tubuh dan kesehatan, baik dalam jangka pendek maupun panjang.</p>\r\n\r\n<p>Lantas, apa saja efeknya? Yuk, simak rangkuman selengkapnya seperti rangkuman di bawah ini.</p>\r\n\r\n<p><strong>1. Dapat Menyebabkan Kembung, Sakit Perut, dan Diare</strong></p>\r\n\r\n<p>Di antara makronutrien seperti karbohidrat, lemat, dan protein, tahukah Anda lemak adalah yang paling lambat dicerna. Hal ini dikarenakan makanan berminyak mengandung banyak lemak dan memperlambat pengosongan perut.</p>\r\n\r\n<p>Makanan menghabiskan lebih banyak waktu di perut Anda, yang dapat menyebabkan berbagai keluhan, mulai dari kembung, mual, dan sakit perut.</p>\r\n\r\n<p>Pada orang dengan keluhan pencernaan, seperti sindrom iritasi usus besar, pankreatitis kronis, atau gangguan perut, makanan berlemak tingkat tinggi dapat memicu sakit perut, kram, dan diare.</p>\r\n\r\n<p><strong>2. Dapat Merusak Mikrobioma Usus</strong></p>\r\n\r\n<p>Makanan berminyak dan tidak sehat dapat mengganggu keseimbangan bakteri di usus Anda, memungkinkan tekanan yang tidak sehat tumbuh. Hal ini terkait dengan penambahan berat badan dan berbagai penyakit kronis.</p>\r\n\r\n<p><strong>3. Dapat Menyebabkan Penambahan Berat Badan dan Obesitas</strong></p>\r\n\r\n<p>Makanan berminyak yang dimasak dalam jumlah lemak yang besar dapat menyebabkan kenaikan berat badan karena jumlah kalori yang tinggi. Studi pengamatan menghubungkan asupan tinggi makanan cepat saji dan gorengan dengan peningkatan angka kenaikan berat badan dan obesitas.</p>\r\n\r\n<p>Obesitas dikaitkan dengan banyak kondisi kesehatan yang negatif, termasuk penyakit jantung, diabetes, stroke, dan kanker tertentu. Secara khusus, asupan lemak trans yang tinggi dapat menyebabkan penambahan berat badan.</p>\r\n\r\n<p><strong>4. Dapat Meningkatkan Risiko Penyakit Jantung dan Stroke</strong></p>\r\n\r\n<p>Makanan berminyak memiliki beberapa efek negatif pada kesehatan jantung dan stoke karena efeknya pada berat badan, tekanan darah, dan kolesterol.</p>\r\n\r\n<p>Selain itu, risiko penyakit jantung mungkin terkait dengan seberapa sering Anda mengonsumsi makanan yang digoreng.</p>\r\n\r\n<p><strong>5. Dapat Meningkatkan Risiko Diabetes</strong></p>\r\n\r\n<p>Makanan berminyak dapat meningkatkan risiko diabetes tipe dua. Mengonsumsi makanan cepat saji, yang tidak hanya mencakup makanan berminyak tetapi juga minuman manis, menyebabkan asupan kalori tinggi, penambahan berat badan, kontrol gula darah yang buruk, dan peningkatan peradangan.</p>\r\n\r\n<p>Faktor-faktor ini meningkatkan risiko diabetes tipe dua dan sindrom metabolik, sekelompok kondisi yang termasuk obesitas, tekanan darah tinggi, dan gula darah tinggi.</p>\r\n\r\n<p><strong>6. Dapat Menyebabkan Jerawat</strong></p>\r\n\r\n<p>Makanan berminyak dapat berkontribusi pada jerawat dengan meningkatkan peradangan. Selain itu, bisa pula mengubah gene expression dan kadar hormon.</p>\r\n', 17),
(11, 4, 'Bungkus Makanan Pengganti Plastik, Langkah Kecil untuk Selamatkan Bumi', '2020-01-04', 'food4.jpg', '<p>Sebuah perubahan besar dapat terlaksana dengan satu langkah kecil, salah satunya dimulai dari diri sendiri. Begitu pun dalam menangani masalah sampah yang jumlahnya semakin meningkat setiap hari.</p>\r\n\r\n<p>Melalui sebuah workshop yang berlangsung pada Sabtu, 11 Januari 2020, Demi Bumi memerkenalkan cara-cara yang bisa dilakukan sendiri untuk mulai mengurangi penggunaan plastik.</p>\r\n\r\n<p>Langkah sederhana yang bisa dilakukan oleh diri sendiri ialah dengan membawa barang-barang yang dapat didaur ulang saat bepergian. Dalam <em>workshop</em> itu, pendiri Demi Bumi, Jessica Halim memberi pelatihan membuat bungkus jajanan<em> reuseable</em> dari kain katun dan lilin lebah.</p>\r\n\r\n<p>Lilin lebah atau <em>beeswax</em> merupakan produk lilin yang diproduksi dari sarang lebah. Meskipun bentuknya berupa lilin, tetapi produk ini aman jika tak sengaja termakan.</p>\r\n\r\n<p>Oleh sebab itu, bahan ini bisa digunakan untuk produksi bungkus makanan pengganti plastik. Pemilihan kain katun karena lebih rapi dan mudah dibentuk dibandingkan kain jenis lainnya.</p>\r\n\r\n<p>Bahan-bahan yang diperlukan untuk membuat kerajinan pengganti plastik ini cukup sederhana. Anda hanya perlu menyiapkan kain katun yang digunting menjadi bentuk persegi dengan ukuran sesuai kebutuhan, lilin lebah, Virgin Coconut Oil (VOA), kertas pelapis tahan minyak, dan setrika.</p>\r\n\r\n<p><strong>Langkah Pembuatan</strong></p>\r\n\r\n<p>Langkah pertama untuk membuat bungkus makanan <em>reuseable</em> yaitu tuangkan sekitar satu sampai dua sendok teh VOA ke dalam mangkuk berukuran sedang berisi lilin lebah yang telah diparut.</p>\r\n\r\n<p>Setalah itu campurkan keduanya sampai rata. Setelah lilin lebah siap, selanjutnya taruh di atas kain katun yang telah dilapisi oleh sebuah kertas yang tahan minyak seperti kertas lilin atau glasin. Lilin lebah yang digunakan sebaiknya secukupnya agar nantinya tak meleleh ke mana-mana.</p>\r\n\r\n<p>Usahakan taruh lilin lebah secara rata di atas kain katun. Setelah dirasa telah rata, tutup kain katun dengan kertas yang tahan minyak. Langkah selanjutnya ialah setrika kertas sampai lilin mencair dan rata ke semua sisi kain katun.</p>\r\n\r\n<p>Jika sudah rata, buka kertas pelapis dan angkat kain katun. Tidak perlu repot menjemur, kain katun tersebut akan kering cukup dengan dikibaskan secara perlahan. Jika sudah kering, jadilah tempat makan yang bisa didaur ulang.</p>\r\n\r\n<p>Selain dapat digunakan sebagai tempat makan, kain katun tersebut bisa pula sebagai penutup wadah makanan. Dengan dilapisi oleh lilin lebah, dijamin makanan yang ada di dalam wadah tidak akan tumpah.</p>\r\n', 0),
(12, 4, '4 Makanan yang Perlu Dihindari agar Tak Mengantuk Usai Makan Siang', '2020-01-05', 'food5.jpg', '<p>Anda mungkin sering merasa mengantuk usai makan di siang hari. Tentunya hal tersebut sangat mengganggu dan tidak nyaman, apalagi ketika ingin melanjutkan pekerjaan di kantor maupun pekerjaan lainnya.</p>\r\n\r\n<p>Kalau Anda sampai sangat mengantuk, pekerjaan bisa terbengkalai. Kondisi ini biasanya terjadi karena perubahan mendadak kadar gula darah.</p>\r\n\r\n<p>Saat mengonsumsi makanan yang banyak mengandung gula, menyebabkan tingginya insulin untuk memecah jumlah gula dalam aliran darah.</p>\r\n\r\n<p>Hal itu bisa memicu atau menyebabkan Anda merasa mengantuk dan kurang bisa fokus dalam beberapa jam setelah makan siang.</p>\r\n\r\n<p>Dilansir dari Indian Express, Minggu, 12 Januari 2020, Anda lebih baik menghindari beberapa makanan dan juga minuman untuk mencegah kantuk setelah makan siang. Apa saja?</p>\r\n\r\n<p><strong>1. Makanan kaya karbohidrat</strong></p>\r\n\r\n<p>Saat makan siang, cobalah untuk menghindari makanan yang mengandung karbohidrat yang tinggi seperti mi, pasta, telur, dan keju.</p>\r\n\r\n<p><strong>2. Minyak dan garam</strong></p>\r\n\r\n<p>Mulai sekarang perhatikan porsi makanan Anda, seperti, pilih protein dan sayuran dengan karbohidrat yang lebih kompleks seperti quinoa atau beras merah, sup dan salad. Sedangkan makanan yang mengandung minyak, garam, dan pengawet bisa membuat Anda cepat mengantuk.</p>\r\n\r\n<p><strong>3. Camilan manis</strong></p>\r\n\r\n<p>Setelah makan siang, Anda biasanya mencari camilan atau dessert yang manis. Nah, mulai sekarang pilih yang kaya akan protein seperti kacang, dan cokelat hitam.</p>\r\n\r\n<p>Namun itu bisa diganti dengan buah-buahan seperti jeruk, apel, melon dan blueberry. Dessert yang manis memang dapat meningkatkan mood dan semangat bekerja, tapi selang beberapa lama Anda akan tidak fokus dan mulai mengantuk.</p>\r\n\r\n<p><strong>4. Kopi</strong></p>\r\n\r\n<p>Saat kita merasa mulai mengantuk, biasanya kita membuat atau memesan kopi favorit Anda. Sebenarnya itu tidak baik, karena justru akan membuat Anda makin mengantuk.</p>\r\n\r\n<p>Solusinya, mulai saat ini pilihlah minuman seperti teh hijau atau matcha. Karena kedua minuman tersebut mengandung L-theanine, asam amino yang mengurangi denyut jantung dan tekanan darah.</p>\r\n\r\n<p>Minuman itu juga diharapkan menghasilkan energi yang tenang dan lambat yang dapat membuat Anda lebih fit dan sehat sehingga tidak merasa mengantuk.</p>\r\n', 26),
(13, 1, 'Legenda Arsenal Minta Alexandre Lacazette Tingkatkan Ketajaman', '2020-01-08', 'bola3.jpg', '<p>Legenda Arsenal, Ian Wright, menyoroti koleksi gol Alexandre Lacazette yang mulai menurun. Wright meminta Lacazette untuk memperbaiki performa dan meningkatkan ketajamannya di lini depan.</p>\r\n\r\n<p>Dalam dua musim terakhir, Lacazette menjadi andalan di sektor serang Arsenal. Dia menjadi mesin gol kedua andalan The Gunners bersama Pierre-Emerick Aubameyang.</p>\r\n\r\n<p>Namun pada musim ini, performa Alexandre Lacazette menurun cukup drastis. Sang striker tercatat hanya membuat lima gol di ajang Premier League musim ini.</p>\r\n\r\n<p>Wright menilai catatan gol Lacazette itu cukup meresahkan. Untuk itu dia berharap striker asal Prancis itu bisa bekerja lebih keras untuk meningkatkan jumlah golnya.</p>\r\n\r\n<p>&quot;Apa yang terjadi padanya cukup mengkhawatirkan, jika kita melihat apa yang biasanya dia berikan untuk tim ini. Saya rasa dia memiliki peran yang penting di tim ini,&quot; ujar Wright.</p>\r\n\r\n<p>&quot;Dia satu-satunya penyerang di Arsenal yang bisa memberikan kontribusi seperti yang dilakukan saat ini. Namun, jika Anda melihat performanya belakangan ini, dia tidak terlihat bakal segera mencetak gol,&quot; lanjutnya.</p>\r\n\r\n<p><strong>Tugas Utama Alexandre Lacazette</strong></p>\r\n\r\n<p>Wright juga membeberkan penyerang berusia 28 tahun tersebut kerap berperan dalam terciptanya gol Arsenal. Namun, dia percaya tugas utama seorang striker adalan mencetak gol, dan itulah yang harus dilakukan Lacazette.</p>\r\n\r\n<p>&quot;Rekor golnya memang cukup mengkhawatirkan. Situasi ini semakin mengkhawatirkan, karena performanya yang kurang baik belakangan ini,&quot; kata Wright.</p>\r\n\r\n<p>&quot;Kami berharap dia bisa mencetak gol mengingat dia berkontribusi besar bagi tim ini. Dia mampu menghubungkan permainan antara lini dan itu benar-benar brillian. Namun, dia butuh untuk mencetak gol.&quot; ujarnya.</p>\r\n\r\n<p>Saat ini, Alexandre Lacazette tengah dibutuhkan Arsenal untuk mengeluarkan kemampuan terbaiknya. Hal ini dikarenakan Pierre-Emerick Aubameyang harus absen sementara waktu, akibat sanksi kartu merah.</p>\r\n', 0),
(14, 1, 'Bermain dengan 10 Pemain, Arsenal Curi Poin di Kandang Chelsea', '2020-01-09', 'bola4.jpg', '<p>Arsenal berhasil mencuri satu poin dari markas Chelsea dalam pertandingan pekan ke-24 Premier League, Rabu (22/1/2020) dini hari WIB. Meski bermain dengan 10 pemain sejak babak pertama, The Gunners mampu mencuri poin setelah bermain imbang 2-2 dengan The Blues.</p>\r\n\r\n<p>Chelsea mendapatkan hadiah penalti pada menit ke-26 setelah Tammy Abraham dilanggar oleh David Luiz di kotak penalti. Tak hanya itu, wasit memberikan kartu merah kepada David Luiz sehingga Arsenal harus bermain dengan 10 menit sejak pertengahan babak pertama.</p>\r\n\r\n<p>Sementara itu, Chelsea memanfaatkan momentum tersebut untuk meraih keunggulan atas tamunya. Jorginho yang maju sebagai eksekutor penalti menjalankan tugasnya dengan baik untuk menjebol gawang The Gunners yang dikawal Bernd Leno.</p>\r\n\r\n<p>Keunggulan jumlah pemain tentu menjadi keuntungan bagi Chelsea yang tampil di depan pendukungnya. The Blues bermain lebih menyerang, tapi babak pertama berakhir dengan skor 1-0 untuk keunggulan tim asuhan Frank Lampard itu.</p>\r\n\r\n<p>Sayangnya, Chelsea gagal memaksimalkan keunggulan jumlah pemain yang mereka miliki. Arsenal berhasil mencuri kesempatan melalui serangan balik pada menit ke-63.</p>\r\n\r\n<p>Gabriel Martinelli mencetak gol penyeimbang kedudukan setelah menerima umpan dari Shkodran Mustafi. The Gunners pun kembali memiliki peluang untuk membawa pulang poin dari Stamford Bridge.</p>\r\n\r\n<p>Namun, Chelsea tentu tidak ingin menyerahkan poin begitu saja kepada Arsenal. Serangan demi serangan mereka lancarkan hingga akhirnya The Blues berhasil unggul 2-1 lewat gol Cesar Azpilicueta pada menit ke-84.</p>\r\n\r\n<p>Sayang, keunggulan tersebut tidak bertahan lama karena Arsenal kembali mencetak gol penyeimbang kedudukan hanya berselang tiga menit kemudian. Hector Bellerin mencetak gol ke gawang The Blues pada menit ke-87 setelah memaksimalkan umpan dari Lucas Torreira.</p>\r\n\r\n<p>Kedudukan imbang 2-2 pun bertahan hingga pertandingan berakhir. Dua tim asal London itu pun harus puas berbagi poin. Chelsea kini tetap berada di peringkat keempat dengan 40 poin dari 24 laga, sementara Arsenal naik ke peringkat ke-10 dengan 30 poin.</p>\r\n\r\n<p><strong>Susunan Pemain</strong></p>\r\n\r\n<p><strong>Chelsea (4-3-3)</strong>: Kepa (kiper); Cesar Azpilicueta, Andreas Christensen, Antonio Rudiger, Emerson (belakang); Ngolo Kante, Jorginho, Mateo Kovacic (tengah); Callum Hudson-Odoi, Tammy Abraham, Willian (depan)</p>\r\n\r\n<p><strong>Pelatih:</strong> Frank Lampard</p>\r\n\r\n<p><strong>Arsenal (4-2-3-1):</strong> Bernd Leno (kiper); Hector Bellerin, Shkodran Mustafi, David Luiz, Bakayo Sako (belakang); Lucas Torreira, Granit Xhaka, Nicolas Pepe, Mesut Ozil, Gabriel Martinelli (tengah); Alexandre Lacazette (depan)</p>\r\n\r\n<p><strong>Pelatih:</strong> Mikel Arteta</p>\r\n', 1),
(15, 1, 'Chelsea Bersiap Datangkan Edinson Cavani', '2020-01-10', 'boal5.jpg', '<p>Chelsea menyaingi Atletico Madrid dalam perburuan penyerang Paris Saint-Germain (PSG), Edinson Cavani. Ini tak lepas dari isu bakal merapatnya Olivier Giroud menuju Inter Milan.</p>\r\n\r\n<p>PSG secara tersirat menyatakan bahwa Edinson Cavani sudah meminta dijual. Atletico yang pernah mengajukan proposal transfer langsung berencana menyodori tawaran kedua.</p>\r\n\r\n<p>Kontrak Cavani akan berakhir Juni tahun ini. Namun, pihak PSG ngotot untuk mempertahankan servis mantan striker Palermo dan Napoli itu.</p>\r\n\r\n<p>Tawaran sebesar 10 juta euro telah dipersiapkan kembali oleh manajemen klub Atletico Madrid kepada Paris Saint-Germain. L&#39;Equipe mengklaim, PSG sebelumnya telah menolak keinginan Atletico memboyong striker berusia 32 tahun tersebut.</p>\r\n\r\n<p>Leonardo, Direktur Olahraga PSG, mengungkapkan, segala kemungkinan masih terjadi, tergantung pada besaran tawaran klub yang tertarik meminang Cavani. Yang jelas, pihaknya berharap striker yang telah membela PSG selama 6,5 tahun itu mau bertahan.</p>\r\n\r\n<p>&quot;Kami selalu mengatakan hal sama kepada Cavani. Kami ingin dia bertahan. Hari ini ini, dia meminta pergi. Kami sedang mempertimbangkan segala kemungkinan,&quot; kata Leonardo.</p>\r\n\r\n<p>&quot;Cavani sudah menyatakan keinginannya. Kita akan sama-sama lihat. Yang jelas, kami mendengarkan keluh kesahnya, sebab kami menghormati Cavani,&quot; sambung Leonardo.</p>\r\n\r\n<p><strong>Lampard Menyukai Cavani</strong></p>\r\n\r\n<p>Dihapusnya larangan transfer membuat Chelsea memiliki tabungan uang yang cukup untuk memboyong Cavani dari Atletico. Terlebih, manajemen klub diyakini bakal menjual Olivier Giroud ke Inter dalam waktu dekat.</p>\r\n\r\n<p>Selain Giroud, Chelsea juga berniat meminjamkan Moses dengan komitmen 100 persen gaji ditanggung oleh Inter. Dengan begini, The Blues seharusnya tak menemui masalah soal finansial.</p>\r\n\r\n<p>Lebih jauh, Lampard mengungkapkan bahwa ia menyukai Cavani. Telegraph meyakini Chelsea bakal mengajukan tawaran proposal.</p>\r\n\r\n<p>&quot;Cavani adalah pemain yang hebat, saya beberapa kali berhadapan dengannya, dan saya selalu menyukai mentalnya di atas lapangan. Dia juga doyan mencetak gol,&quot; kata Lampard.</p>\r\n\r\n<p>&quot;Saya tidak begitu paham situasinya di PSG , jadi lihat saja nanti. Dia memang pemain berpengalaman, tapi masih banyak pemain serupa di luar sana,&quot; katanya lagi menambahkan.</p>\r\n', 23),
(16, 2, 'Harta yang Paling Berharga Di Era Digital: Kartu SIM', '2020-01-18', 'tech3.jpg', '<p>Kartu SIM bisa dibilang merupakan &#39;harta&#39; yang paling berharga di era digital. Bukan tanpa alasan, kartu SIM yang berisi nomor telepon sering tersambung dengan akun media sosial atau akun berbagai layanan digital hingga perbankan.</p>\r\n\r\n<p>Pakar keamanan siber dari CISSRec Pratama Persadha mengatakan kartu SIM menjadi sangat krusial di era digital. Pasalnya semua identitas dan akun media sosial harus menyertakan nomor telepon untuk melakukan pendaftaran.</p>\r\n\r\n<p>&quot;Semua layanan media sosial, marketplace, uang digital, menggunakan nomor seluler sebagai identitas utama dan verifikasi akun. Karena itu posisinya sangat penting saat ini dalam kehidupan di era digital,&quot; ujar Pratama kepada CNNIndonesia.com, Senin (20/1).</p>\r\n\r\n<p>Begitu peretas bisa mengambil alih kartu SIM, maka peretas bisa masuk ke akun-akun yang tersambung dengan nomor tersebut. Sebut saja Maia Estianty saat nomornya diretas sehingga pelaku bisa menguras saldo Gopay miliknya.</p>\r\n\r\n<p>CEO Twitter, Jack Dorsey juga turut menjadi korban pencurian kartu SIM yang digunakan untuk meretas akun Twitter miliknya.</p>\r\n\r\n<p>Terkini, wartawan senior Ilham Bintang mengalami&nbsp; pencurian kartu SIM dengan modus penukaran kartu SIM (SIM swap). Modus ini digunakan ketika pelaku meminta pihak operator untuk menukar kartu SIM untuk mengambil alih nomor ponsel korban.</p>\r\n\r\n<p>Pelaku akan meyakinkan operator bahwa ia adalah pemilik nomor ponsel yang ia incar. Agar bisa meyakinkan, pelaku telah terlebih dahulu memiliki data kredensial alias data pribadi korban. Data ini termasuk nama lengkap, alamat, tempat &amp; tanggal lahir, hingga nama ibu kandung.</p>\r\n\r\n<p><strong>Kunci dari OTP</strong></p>\r\n\r\n<p>Kartu SIM juga jadi kunci pengamanan otentikasi dua faktor (two factor authentication/ TFA) yang saat ini kerap digunakan berbagai layanan digital. Sebab, kode otentikasi akan dikirim ke kartu SIM menggunakan&nbsp;one time password&nbsp;(OTP) melalui SMS ataupun pengiriman kode USSD.<br />\r\n<br />\r\nSehingga menurut&nbsp; pengamat keamanan siber dari Vaksin.com, Alfons Tanujaya, pengamanan TFA menggunakan SMS punya keamanan yang lebih buruk.<br />\r\n<br />\r\n&quot;Metode TFA dengan OTP ini memiliki tingkat keamanan yang lebih lemah dibandingkan TFA dengan metode lain seperti token atau aplikasi seperti Google Authenticator,&quot; kata Alfons.</p>\r\n\r\n<p>Alfons mengatakan banyak modus kejahatan yang bisa digunakan untuk mencuri TFA dengan menggunakan nomor telepon ini. Bisa dengan mengambil alih dengan SIM swap, menggunakan malware untuk mencuri TFA, hingga risiko daur ulang kartu SIM.</p>\r\n\r\n<p>Alfons mengatakan sayangnya metoda otentikasi dengan tingkat keamanan paling rendah ini, jadi metode pengamanan yang paling populer diadopsi. Mulai dari layanan finansial hingga media sosial, semua mengandalkan metode otentikasi dengan mengirimkan kode OTP lewat SMS.</p>\r\n\r\n<p>&quot;Sebut saja Visa dan Master Card yang memanfaatkan USSD dalam pengiriman OTP guna mengamankan transaksi kartu kredit online, lalu layanan non finansial seperti akun Gmail atau media sosial seperti Facebook, Twitter dan lainnya juga menambahkan TFA,&quot; ujar Alfons.</p>\r\n\r\n<p>Alfons bahkan mengatakan beberapa layanan dompet digital seperti Ovo, Gopay, hingga Dana menggunakan nomor ponsel tak hanya untuk mengirimkan OTP, tapi sebagai identitas utama. Berbeda dengan layanan perbankan di mana KTP masih digunakan sebagai identitas utama.</p>\r\n\r\n<p>&quot;Dompet digital bahkan tanpa perlu (bukti) KTP sudah cukup untuk membuka atau mengambil alih akun dan menggunakan layanan dompet digital,&quot; kata Alfons.</p>\r\n\r\n<p>Alfons lebih lanjut menjelaskan eksploitasi terhadap kelemahan TFA melalui telepon seluler ini bahkan dapat dilakukan tanpa mengambil alih kartu SIM. Hal ini biasa terjadi pada kasus pengambilalihan akun dompet digital seperti Gopay dan Ovo.<br />\r\n<br />\r\nKasus Maia Estianty bisa menjadi contoh lemahnya pengamanan dompet digital. Pelaku bisa mengambil alih akun Gopay Maia dengan menggunakan kode OTP yang diberikan dari Gojek.<br />\r\n<br />\r\n&quot;Cukup hanya mendapatkan kode OTP saja sudah bisa mengambil alih akun tersebut dan pemilik akun hanya bisa gigit jari merelakan saldo dompet digitalnya dikuras,&quot; kata Alfons.</p>\r\n\r\n<p><strong>Amankan Kartu SIM</strong></p>\r\n\r\n<p>Alfons mengatakan baik pembuat aplikasi harus menyempurnakan metode pengamanan yang lemah. Khususnya dengan modus rekayasa sosial seperti memalsukan diri sebagai operator atau aplikator untuk menghubungi pemilik akun guna mendapatkan OTP.<br />\r\n<br />\r\n&quot;Penyedia layanan digital bisa melakukan&nbsp;&nbsp;freeze period&nbsp;setiap kali terjadi perpindahan akun akun, menambahkan informasi tambahan selain nomor telepon setiap perpindahan akun, pengiriman OTP yang tidak otomatis tetapi diawali dengan peringatan atau konfirmasi awal,&quot; ujar Alfons.<br />\r\n<br />\r\nDi sisi lain, Pratama memberi peringatan kepada pemerintah bahwa keamanan kartu SIM menjadi tantangan bagi pemerintah. Ia menyinggung registrasi nomor seluler tidak menurunkan tingkat kejahatan, masih banyak terjadi kejahatan khususnya kasus penipuan di nomor seluler.<br />\r\n<br />\r\nPratama kemudian menyarankan Kementerian Komunikasi dan Informatika (Kemenkominfo) untuk lebih mengetatkan pembatasan nomor seluler.<br />\r\n<br />\r\n&quot;Bila perlu, sebaiknya Kemenkominfo tegas untuk pembatasan seluler yang ketat, tidak seperti sekarang pembatasan hanya pada identitas harus NIK dan KK, tanpa pembatasan jumlah [nomor seluler],&quot; kata Pratama.</p>\r\n', 1),
(17, 2, 'Apple Tambah XS dan XS Max ke Program iPhone Bekas', '2020-01-19', 'tech4.jpeg', '<p>Seiring bertambah canggih, harga iPhone baru kian meroket. Syukurlah Apple mempunyai program iPhone refurbished, atau iPhone bekas.</p>\r\n\r\n<p>Bagi pelanggan yang tidak mampu membeli iPhone baru, perusahaan menambahkan dua model baru ke dalam program yang ditawarkan di AS pekan ini: iPhone XS dan iPhone XS Max.</p>\r\n\r\n<p>Dua perangkat itu dirilis di pasaran pada September 2018, jadi mereka bahkan belum berumur dua tahun.</p>\r\n\r\n<p>Jika kebetulan Anda sedang di AS, Anda bisa membelinya seharga $700 atau sekitar Rp9,5 juta, tergantung pada model yang Anda pilih.</p>\r\n\r\n<p>Mengingat banderol asli mereka adalah $1.000 (~Rp14 juta) pada saat peluncuran, tentu ini adalah penawaran yang menarik untuk produk Apple.</p>\r\n\r\n<p>Anehnya, mereka sedikit lebih murah daripada yang dijual oleh pengecer seperti Best Buy and Woot. Jadi pastikan Anda memeriksa toko resmi Apple untuk penawaran lebih lanjut tentang daftar iPhone bekas.</p>\r\n\r\n<p>IPhone XS dan XS Max memang tidak akan murah, walaupun mereka bukan barang baru, tetapi setidaknya Anda sedikit berhemat jika memutuskan untuk membelinya.</p>\r\n', 0),
(18, 2, 'Google Umumkan Jadwal Chrome Apps Mati', '2020-01-20', 'tech5.jpeg', '<p>Setelah tiga setengah tahun, Google akhirnya mengumumkan timeline resmi Chrome Apps pensiun.</p>\r\n\r\n<p>Proses ini terjadi secara bertahap, dimulai dengan Chrome Web Store tidak lagi menerima aplikasi baru Maret ini dan berakhir dengan Google menghentikan dukungan Chrome Apps pada Chrome OS pada pertengahan 2022.</p>\r\n\r\n<p>Berikut adalah garis waktu lengkap yang diposkan Google di blognya:</p>\r\n\r\n<ul>\r\n	<li><strong>Maret 2020</strong>: Chrome Web Store akan berhenti menerima aplikasi Chrome baru. Pengembang akan bisa memperbarui aplikasi Chrome yang ada hingga Juni 2022.</li>\r\n	<li><strong>Juni 2020</strong>: Akhir dukungan untuk aplikasi Chrome di Windows, Mac, dan Linux. Pelanggan yang memiliki Chrome Enterprise dan Chrome Education Upgrade akan memiliki akses ke kebijakan untuk memperpanjang dukungan hingga Desember 2020.</li>\r\n	<li><strong>Desember 2020</strong>: Akhir dukungan untuk aplikasi Chrome di Windows, Mac, dan Linux.</li>\r\n	<li><strong>Juni 2021</strong>: Akhir dukungan untuk API NaCl, PNaCl, dan PPAPI.</li>\r\n	<li><strong>Juni 2021</strong>: Akhir dukungan untuk aplikasi Chrome di Chrome OS. Pelanggan yang memiliki Chrome Enterprise dan Chrome Education Upgrade akan memiliki akses ke kebijakan untuk memperpanjang dukungan hingga Juni 2022.</li>\r\n	<li><strong>Juni 2022</strong>: Akhir dukungan untuk aplikasi Chrome di Chrome OS untuk semua pelanggan.</li>\r\n</ul>\r\n\r\n<p>Google mengumumkan akan mematikan Chrome Apps pada 2016. Proses ini memakan waktu sangat lama.</p>\r\n\r\n<p>&ldquo;Kami yakin Web bisa memberikan pengalaman kelas satu di platform terbuka,&rdquo; Google menulis dalam blog pengumumannya.</p>\r\n\r\n<p>Perusahaan juga mencatat ekstensi tidak akan mati bersama Chrome Apps. Google mengatakan berkomitmen untuk pengembangan ekstensi dan &ldquo;memelihara ekosistem ekstensi yang kuat sangat penting untuk misi Chrome.&rdquo;</p>\r\n\r\n<p>Google juga membuat situs migrasi yang akan terus diperbarui sepanjang proses pensiun ini.</p>\r\n\r\n<p>&nbsp;</p>\r\n', 0);
INSERT INTO `tb_berita` (`berita_id`, `kategori_id`, `berita_judul`, `berita_tanggal`, `berita_gambar`, `berita_isi`, `berita_lihat`) VALUES
(19, 3, 'Cerita Penumpang Kembalikan Selimut Pesawat Setelah 9 Tahun Berlalu', '2020-01-22', 'travel3.jpg', '<p>Petugas kabin Malaysian Air diikejutkan dengan barang tak biasa tergeletak di kursi penumpang pesawat. Melansir dari Says, Selasa (21/1/2020), pada 18 Januari 2020, petugas tersebut menemukan barang yang dimaksud saat pesawat telah mendarat di Bandar Udara Internasional King Abdulaziz, Jeddah.</p>\r\n\r\n<p>Di kursi penumpang terdapat selembar surat tertempel pada kantong plastik berisi selimut yang dilipat dengan hati-hati. &quot;Maaf. Saya tak tahu sebelumnya. Bila saya tidak salah, saya ambil selimut ini sekitar tahun 2011. Saya berikan kembali pada kalian hari ini,&quot; begitu keterangan yang tertulis di surat.</p>\r\n\r\n<p>&quot;Saya minta maaf dan saya mohon dimaafkan karena telah menggunakannya (selimut) selama ini. Sesungguhnya, ini adalah selimut favorit saya. Sekali lagi, saya minta maaf Malaysian Airlines,&quot; tambah keterangan tersebut.</p>\r\n\r\n<p>Cerita ini jadi sorotan setelah pegawai kabin menyerahkan selimut plus surat itu pada Chief Steward Kamarulzaman Abd Karim yang kemudian mengunggah &#39;paket&#39; tersebut di Instagram.</p>\r\n\r\n<p>&quot;Seperti biasa, kami selalu memeriksa bagian kabin setelah penumpang pergi untuk melihat apakah ada barang tertinggal,&quot; kata lelaki akrab disapa Kay mengawali cerita tersebut.</p>\r\n\r\n<p>Ia menjelaskan, penemuan selimut yang, sesuai keterangan, sudah sembilan tahun berada di tangan penumpang.</p>\r\n\r\n<p><strong>Aturan Penggunaan Selimut</strong></p>\r\n\r\n<p>Kendati mengaku terharu akan kejujuran penumpang yang tak diketahui namanya itu, Kay menjelaskan, selimut sebenarnya hanya boleh dikenakan di kabin dan akan dicuci kembali untuk digunakan di penerbangan lain.</p>\r\n\r\n<p>&quot;Sayangnya, sekian banyak penumpang mengambil mereka (selimut) karena dianggap sebagai suvenir dan saya yakin peristiwa ini juga terjadi di maskapai lain. Yang buat saya tersentuh, saya tak menyangka salah satunya berusaha mengembalikan (selimut),&quot; tulisnya.</p>\r\n\r\n<p>Senada dengan Kay, penghuni jagat maya juga mengaku terharu akan kejujuran penumpang tersebut. Beberapa di antaranya malah mendorong Malaysian Airlines untuk menjual selimut dalam penerbangan.</p>\r\n\r\n<p>&quot;Saya sangat tertarik untuk membeli selimut tersebut dan merasanya senyaman apa sampai jadi selimut favorit sampai sembilan tahun,&quot; komentar salah satu pengguna Twitter.</p>\r\n\r\n<p>&nbsp;</p>\r\n', 26),
(20, 3, 'Nekat Panjat Piramida, Influencer Berdarah Rusia Dipenjara 5 Hari', '2020-01-22', 'travel4.jpg', '<p>Niat baik tapi kalau dilakukan secara salah, ujung-ujungnya bisa bermasalah hukum. Hal itu pula yang dialami seorang influencer berdaraah Rusia-Amerika Serikat, Vitaly Zdorovetskiy. Lelaki tersebut nekat memanjat piramida yang menjadi ikon warisan budaya di Mesir dengan tujuan baik.</p>\r\n\r\n<p>Aksinya kemudian dipamerkan lewat akun Instagram miliknya @kingvitaly. Ia mengunggah foto kakinya yang diambil saat sedang duduk di puncak piramida pada 15 Januari 2020.</p>\r\n\r\n<p>Foto tersebut diunggahnya pada Rabu, 15 Januari 2020. Pada caption foto tersebut, ia mengklaim dirinya ditahan selama lima hari di penjara Mesir.</p>\r\n\r\n<p>&quot;Saya melakukan ini untuk tujuan yang baik dan itu membuat saya lima malam di penjara Mesir. Meskipun saya telah dipenjara di seluruh dunia berkali-kali karena aksi saya sebelumnya, yang satu ini telah menjadi pengalaman paling mengerikan dalam hidup saya,&quot; ungkapnya dalam caption foto tersebut.</p>\r\n\r\n<p>Ia mengklaim memiliki tujuan baik dengan mendaki piramida, yaitu untuk menggalang dana untuk Australia. &quot;Mari bersatu dan menyumbang untuk Australia. Saya berharap dunia akan mendengarkan saya,&quot; sambungnya.</p>\r\n\r\n<p>Dalam video, saat sampai di puncak piramida Influencer Instagram dengan 3,1 juta pengikut tersebut tampak kehabisan napas. Namun, ia langsung merekam video dan menyampaikan pesan yang ingin ia sampaikan.</p>\r\n\r\n<p>&quot;Benar-benar menakjubkan, ini luar biasa. Hentikan perang, bantu Australia, mari mengumpulkan uang. Mesir, aku mencintaimu. Saya hanya ingin membawa kesadaran kepada dunia, jutaan hewan hilang, jutaan orang terluka,&quot; ujarnya dalam video yang ia rekam sendiri di puncak piramida.</p>\r\n\r\n<p><strong>Pro Kontra</strong></p>\r\n\r\n<p>Menanggapi tindakannya ini, timbul pro dan kontra pada kolom komentar di unggahan video Vitaly. Beberapa warganet salut dan bangga akan keberaniannya menyuarakan perdamaian.</p>\r\n\r\n<p>Sementara, warganet lainnya ada yang berpendapat aksi Vitaly ini tidak menghormati aturan dan budaya negara lain. Warganet menudingnya alasan penggalangan dana itu hanya akal-akalan Vitaly untuk dapat perhatian dari para pengikutnya.</p>\r\n\r\n<p>&quot;Why don&rsquo;t you donate your money! Instead of climbing around on a ancient historical for no reason! (Mengapa kamu tak mendonasikan uangmu sendiri daripada mendaki situs bersejarah tanpa alasan?),&quot; komentar salah satu warganet.</p>\r\n\r\n<p>Piramida merupakan situs sejarah yang masuk ke dalam Situs Warisan Dunia UNESCO. Kompleks piramida Giza yang didaki oleh Vitaly merupakan rumah bagi piramida terbesar di Mesir Kuno yang digunakan sebagai makam raja-raja masa dahulu serta sarana ibadah.</p>\r\n', 0),
(21, 3, 'Surat Penumpang Asal Jepang, Puji Kebersihan di Toilet Bandara Soekarna-Hatta', '2020-01-23', 'travel5.jpg', '<p>Sepucuk surat ditinggalkan oleh seorang penumpang berkebangsaan Jepang yang melakukan penerbangan di Bandara Soekarno Hatta. Dilansir dari akun Facebook Angkasa Pura II, Senin (20/1/2020), pengirim surat pujian tersebut mengaku bernama Noriyuki Nakamura.</p>\r\n\r\n<p>Penumpang tersebut mengaku saat itu adalah kedua kalinya ia menginjakkan kaki di Bandara Soekarno Hatta. Ia mengagumi kebersihan bandara internasional yang berlokasi di Tangerang, Banten, tersebut.</p>\r\n\r\n<p>Dalam surat yang ditujukannya untuk manajer Bandara Soekarno Hatta itu juga Noriyuki Nakamura mengaku mengamati salah satu staf yang membersihkan karpet merah. Ia terlihat sangat teliti dan hati-hati.</p>\r\n\r\n<p>&quot;Bandara ini sangat bersih dan staffmu sangat luar biasa,&quot; tulis Noriyuki Nakamura dalam surat yang ia tulis 30 Desember 2019.</p>\r\n\r\n<p>&quot;Aku tahu itu merupakan perkerjaannya sehari-hari, tapi aku sangat terpukau dengan caranya menyeka tempat sampah,&quot; sambungnya. Dalam surat itu, ia juga membandingkan kinerja petugas toilet tersebut dengan pekerja di negara asalnya. &quot;Di Jepang tidak ada yang bisa melakukan hal seperti yang ia lakukan,&quot; katanya.</p>\r\n\r\n<p>Bahkan, Noriyuki mengaku ia sempat berpikir staf di Bandara Soekarno Hatta mendapat pelatihan khusus untuk membersihkan area bandara. &quot;Saya kira ia mendapatkan pelatihan spesial,&quot; sambungnya.</p>\r\n\r\n<p><strong>Dukungan Warganet</strong></p>\r\n\r\n<p>Di akhir suratnya, Noriyuki Nakamura berpesan kepada manajer bahwa mereka harusnya bangga punya petugas toilet yang menjaga kebersihan bandara yang digadang-gadang menyaingi Bandara Changi Singapura itu.</p>\r\n\r\n<p>Kebanggaan juga ditunjukan oleh Admin yang mengunggah foto tersebut. &quot;APmin ikut bangga nih AP2friends, atas apresiasi salah satu penumpang dari Jepang kepada petugas cleaning service di Terminal 3 Bandara Internasional Soekarno Hatta,&quot; ujarnya seraya menyertakan foto surat tersebut.</p>\r\n\r\n<p>Warganet Indonesia turut memberikan apresiasi di kolom komentar unggahan Angakasa Pura II. Mereka mengusulkan untuk memberi penghargaan khusus bagi petugas kebersihan yang telah bekerja dengan baik di Bandara Soekarno Hatta.</p>\r\n', 42),
(22, 1, 'Jurgen Klopp Akui Liverpool Pantas Ditahan Shrewsbury Town', '2020-01-27', 'bola6.jpg', '<p>Manajer Liverpool, Jurgen Klopp, mengakui timnya memang layak ditahan 2-2 Shrewsbury Town, pada laga babak keeempat Piala FA di New Meadow, Minggu (26/1/2020) sore waktu setempat.</p>\r\n\r\n<p>Bertindak sebagai tim tamu, The Reds tampil dengan mayoritas pemain lapis kedua. Bahkan, empat di antaranya adalah pesepak bola di bawah 20 tahun, yakni Harvey Elliott (16 tahun), Curtis Jones (18 tahun), Yasser Larouci (19 tahun), serta Neco Williams (18 tahun).</p>\r\n\r\n<p>Meski tidak tampil dengan skuat terbaiknya, Liverpool tampil dominan. Berdasarkan statistik di Whoscored, The Reds mencatatkan 70 persen penguasaan bola, berbanding 30 persen milik Shrewsbury.</p>\r\n\r\n<p>The Reds pun berhasil unggul lebih dulu lewat aksi Curtis Jones pada menit ke-15 dan gol bunuh diri Donald Love menit ke-46. Akan tetapi, Liverpool gagal mempertahankan keunggulan 2-0 tersebut.</p>\r\n\r\n<p>Shrewsbury Town mampu menyamakan kedudukan berkat gol Jason Cummings pada menit ke-65 dan 75&#39;. Sampai laga berakhir skor 2-2 tetap bertahan.</p>\r\n\r\n<p>Dengan hasil ini, Liverpool terpaksa menjalani laga replay. Rencananya, pertandingan berikutnya akan berlangsung di Stadion Anfield pada 4 Februari mendatang.</p>\r\n\r\n<p><strong>Layak Bermain Imbang</strong></p>\r\n\r\n<p>Jurgen Klopp mengucapkan selamat kepada Shrewsbury Town yang berhasil menahan timnya. Meski begitu, Klopp tak menampik jika <strong><a href=\"https://www.bola.com/tag/liverpool\">Liverpool</a></strong> memang sering kehilangan bola, dan dimanfaatkan Shrewsbury untuk mencetak gol.</p>\r\n\r\n<p>&quot;Pertama dan terutama, saya harus mengucapkan selamat kepada Shrewsbury karena itu hasil yang layak. Itu adalah hasil minimum dari apa yang pantas mereka dapatkan dengan peluang yang mereka miliki,&quot; ujar Klopp.</p>\r\n\r\n<p>&quot;Mengapa mereka memiliki peluang karena kami kehilangan bola pada saat yang salah, dan kami memainkan beberapa operan yang kurang baik.&quot;</p>\r\n\r\n<p>&quot;Dalam pertandingan ini, kami mencetak gol indah ketika skor 1-0, kerja sama yang sangat bagus, gol yang sangat bagus, dan kemudian kami mendapat hadiah saat mereka mencetak gol bunuh diri&nbsp;setelah babak pertama,&quot; lanjutnya.</p>\r\n\r\n<p>&quot;Tetapi, itu tidak memastikan hasil ini, kami kebobolan dari penalti (menit ke-65&#39;) setelah kehilangan bola, serangan balik dan kemudian penalti. Gol kedua mereka, kami kehilangan bola lagi dan mereka menyelesaikan situasi dengan gemilang,&quot; tutur Jurgen Klopp.</p>\r\n', 35);

-- --------------------------------------------------------

--
-- Table structure for table `tb_kategori`
--

CREATE TABLE `tb_kategori` (
  `kategori_id` int(11) NOT NULL,
  `kategori_nama` varchar(100) NOT NULL
) ENGINE=InnoDB DEFAULT CHARSET=utf8mb4;

--
-- Dumping data for table `tb_kategori`
--

INSERT INTO `tb_kategori` (`kategori_id`, `kategori_nama`) VALUES
(1, 'Sport'),
(2, 'Tech'),
(3, 'Travel'),
(4, 'Food');

-- --------------------------------------------------------

--
-- Table structure for table `tb_komentar`
--

CREATE TABLE `tb_komentar` (
  `komentar_id` int(11) NOT NULL,
  `berita_id` int(11) NOT NULL,
  `komentar_nama` varchar(225) NOT NULL,
  `komentar_ig` varchar(225) NOT NULL,
  `komentar_isi` text NOT NULL
) ENGINE=InnoDB DEFAULT CHARSET=utf8mb4;

--
-- Dumping data for table `tb_komentar`
--

INSERT INTO `tb_komentar` (`komentar_id`, `berita_id`, `komentar_nama`, `komentar_ig`, `komentar_isi`) VALUES
(1, 1, 'Bujang', '@bujang', 'Hadiah Giveaway yang Bermanfaat Kek, Masak Saldo OVO Terus Hadiah Giveaway yang Bermanfaat Kek, Masak Saldo OVO Terus Hadiah Giveaway yang Bermanfaat Kek, Masak Saldo OVO Terus'),
(2, 1, 'Tutu', 'tutu_a', 'Nice Artikel'),
(3, 6, 'Similique consequunt', 'Sunt repellendus Iu', 'Doloribus ut obcaeca'),
(4, 6, 'Similique consequunt', 'Sunt repellendus Iu', 'Doloribus ut obcaeca'),
(5, 9, 'Perspiciatis sed ea', 'Reiciendis esse enim', 'Distinctio Sit aliq'),
(6, 9, 'Perspiciatis sed ea', 'Reiciendis esse enim', 'Distinctio Sit aliq'),
(7, 9, 'Qui sint vitae autem', 'Totam odit debitis n', 'Cupiditate incidunt'),
(8, 9, 'Asperiores adipisci ', 'Doloribus cum fugit', 'Iusto pariatur Mini'),
(9, 5, 'gog', 'hog', 'Good, Nice artikel'),
(10, 10, 'true', 'true', 'True Story'),
(11, 6, 'Aut eveniet tempori', 'Ut aspernatur rerum ', 'Et doloribus ut omni'),
(12, 6, 'Et aliquid ex pariat', 'Enim laborum veniam', 'Ea nulla sunt paria'),
(13, 4, 'Nesciunt eum evenie', 'Dignissimos qui et r', 'Earum proident mole'),
(14, 4, 'j', 'j', 'jjjjjjjjjjjjjjjj'),
(15, 21, 'hai', 'hai', 'good artikel'),
(16, 15, 'Amin', 'Amin', 'Amin'),
(17, 22, 'Accusamus modi offic', 'Cumque ea aut evenie', 'Eos corporis pariat'),
(18, 22, 'Ratione aut aliqua ', 'Excepturi fugiat ex', 'Illo commodi cupidat'),
(19, 22, 'Laudantium minima m', 'Similique laborum U', 'Id consequuntur nisi'),
(20, 22, 'Ut harum consectetur', 'Fugiat fugiat magnam', 'Dignissimos aliquam ');

-- --------------------------------------------------------

--
-- Table structure for table `tb_statistik`
--

CREATE TABLE `tb_statistik` (
  `statistik_ip` varchar(100) NOT NULL,
  `statistik_tanggal` date NOT NULL,
  `statistik_hits` int(11) NOT NULL,
  `statistik_online` varchar(100) NOT NULL
) ENGINE=InnoDB DEFAULT CHARSET=utf8mb4;

--
-- Dumping data for table `tb_statistik`
--

INSERT INTO `tb_statistik` (`statistik_ip`, `statistik_tanggal`, `statistik_hits`, `statistik_online`) VALUES
('::1', '2020-01-28', 132, '1580205023'),
('3', '2020-01-27', 10, '1580179298'),
('4', '2020-01-26', 7, '1580179277'),
('5', '2020-02-01', 6, '1580179265'),
('6', '2019-12-17', 56, '1580179285'),
('7', '2019-11-20', 70, '1580179298'),
('::1', '2020-01-29', 63, '1580304911'),
('::1', '2020-02-01', 15, '1580526690'),
('::1', '2020-02-05', 1, '1580867818'),
('::1', '2020-02-06', 2, '1580984325'),
('127.0.0.1', '2020-02-06', 1, '1580978134'),
('127.0.0.1', '2020-02-08', 2, '1581150161'),
('::1', '2020-02-14', 1, '1581687270'),
('::1', '2020-02-15', 1, '1581755217'),
('::1', '2020-02-18', 1, '1581997687'),
('::1', '2020-02-19', 12, '1582098322'),
('::1', '2020-02-20', 1, '1582165312'),
('::1', '2020-02-21', 1, '1582253310'),
('::1', '2020-02-22', 20, '1582359914'),
('::1', '2020-02-25', 1, '1582607401');

--
-- Indexes for dumped tables
--

--
-- Indexes for table `tb_admin`
--
ALTER TABLE `tb_admin`
  ADD PRIMARY KEY (`admin_id`);

--
-- Indexes for table `tb_berita`
--
ALTER TABLE `tb_berita`
  ADD PRIMARY KEY (`berita_id`);

--
-- Indexes for table `tb_kategori`
--
ALTER TABLE `tb_kategori`
  ADD PRIMARY KEY (`kategori_id`);

--
-- Indexes for table `tb_komentar`
--
ALTER TABLE `tb_komentar`
  ADD PRIMARY KEY (`komentar_id`);

--
-- AUTO_INCREMENT for dumped tables
--

--
-- AUTO_INCREMENT for table `tb_admin`
--
ALTER TABLE `tb_admin`
  MODIFY `admin_id` int(11) NOT NULL AUTO_INCREMENT, AUTO_INCREMENT=5;

--
-- AUTO_INCREMENT for table `tb_berita`
--
ALTER TABLE `tb_berita`
  MODIFY `berita_id` int(11) NOT NULL AUTO_INCREMENT, AUTO_INCREMENT=23;

--
-- AUTO_INCREMENT for table `tb_kategori`
--
ALTER TABLE `tb_kategori`
  MODIFY `kategori_id` int(11) NOT NULL AUTO_INCREMENT, AUTO_INCREMENT=8;

--
-- AUTO_INCREMENT for table `tb_komentar`
--
ALTER TABLE `tb_komentar`
  MODIFY `komentar_id` int(11) NOT NULL AUTO_INCREMENT, AUTO_INCREMENT=21;
COMMIT;

/*!40101 SET CHARACTER_SET_CLIENT=@OLD_CHARACTER_SET_CLIENT */;
/*!40101 SET CHARACTER_SET_RESULTS=@OLD_CHARACTER_SET_RESULTS */;
/*!40101 SET COLLATION_CONNECTION=@OLD_COLLATION_CONNECTION */;
